{"loss": 0.32044288516044617, "accuracy": 0.8804000020027161}