{"loss": 0.3202434182167053, "accuracy": 0.8840000033378601}