{"loss": 0.30621737241744995, "accuracy": 0.8888000249862671}