epoch,loss,accuracy
1,0.6512316465377808,0.7747666835784912
2,0.4234910011291504,0.8532166481018066
3,0.36900627613067627,0.8699333071708679
