epoch,loss,accuracy
1,0.6371556520462036,0.7794833183288574
2,0.4191280007362366,0.853766679763794
3,0.3685763478279114,0.8719666600227356
