epoch,loss,accuracy
1,0.5296033024787903,0.8139500021934509
2,0.38354504108428955,0.8609166741371155
3,0.3490552604198456,0.8713333606719971
