step	accuracy
0	0.8139500021934509
1	0.8609166741371155
2	0.8713333606719971
