step	accuracy
0	0.7747666835784912
1	0.8532166481018066
2	0.8699333071708679
