step	accuracy
0	0.7794833183288574
1	0.853766679763794
2	0.8719666600227356
